﻿Digi-Key Part Number,Manufacturer,Manufacturer Part Number,Customer Reference,Quantity 1,Quantity 2,Quantity 3,Description,Comments
A19340-ND,TYCO ELECTRONICS AMP,640453-3,,1,0,0,CONN HEADER RTANG 3POS .100 TIN,
DS18S20Z+-ND,MAXIM INTEGRATED PRODUCTS,DS18S20Z+,,1,0,0,IC THERM MICROLAN HI-PREC 8-SOIC,Alternate Packaging Exists
DS2450S+-ND,MAXIM INTEGRATED PRODUCTS,DS2450S+,,1,0,0,IC CONVERTER A/D QUAD 1-W 8-SOIC,Alternate Packaging Exists
RMCF1/1010KJRCT-ND,STACKPOLE ELECTRONICS INC (VA),RMCF 1/10 10K 5% R,,2,0,0,RES 10K OHM 1/8W 5% 0805 SMD,Alternate Packaging Exists
A28782-ND,TYCO ELECTRONICS AMP,1-86479-3,,1,0,0,CONN HEADER RT/A 2POS .100 30AU,
PDV-P9203-ND,ADVANCED PHOTONIX INC,PDV-P9203,,1,0,0,PHOTOCELL 5K-20K OHM 4.20MM,
